{
  "_format": "hh-sol-cache-2",
  "files": {
    "/Users/amitaisalmon/Documents/TicketChain/contracts/TicketNFT.sol": {
      "lastModificationDate": 1746693232845,
      "contentHash": "3b4e50f335debd1e95aa68b0e60f9487",
      "sourceName": "contracts/TicketNFT.sol",
      "solcConfig": {
        "version": "0.8.20",
        "settings": {
          "viaIR": true,
          "optimizer": {
            "enabled": false,
            "runs": 1,
            "details": {
              "yul": true,
              "yulDetails": {
                "stackAllocation": true,
                "optimizerSteps": "dhfoDgvulfnTUtnIf"
              }
            }
          },
          "debug": {
            "revertStrings": "strip"
          },
          "evmVersion": "paris",
          "outputSelection": {
            "*": {
              "*": [
                "abi",
                "evm.bytecode",
                "evm.deployedBytecode",
                "evm.methodIdentifiers",
                "metadata"
              ],
              "": [
                "ast"
              ]
            }
          },
          "metadata": {
            "useLiteralContent": false
          }
        }
      },
      "imports": [
        "@openzeppelin/contracts/token/ERC721/ERC721.sol",
        "@openzeppelin/contracts/access/AccessControl.sol",
        "@openzeppelin/contracts/utils/Pausable.sol",
        "@openzeppelin/contracts/token/ERC721/extensions/ERC721Burnable.sol"
      ],
      "versionPragmas": [
        "^0.8.20"
      ],
      "artifacts": [
        "TicketNFT"
      ]
    },
    "/Users/amitaisalmon/Documents/TicketChain/node_modules/.pnpm/@openzeppelin+contracts@5.0.0/node_modules/@openzeppelin/contracts/utils/Pausable.sol": {
      "lastModificationDate": 1746387338084,
      "contentHash": "24e52f6ef3868e6fca664a423140bee9",
      "sourceName": "@openzeppelin/contracts/utils/Pausable.sol",
      "solcConfig": {
        "version": "0.8.20",
        "settings": {
          "viaIR": true,
          "optimizer": {
            "enabled": false,
            "runs": 1,
            "details": {
              "yul": true,
              "yulDetails": {
                "stackAllocation": true,
                "optimizerSteps": "dhfoDgvulfnTUtnIf"
              }
            }
          },
          "debug": {
            "revertStrings": "strip"
          },
          "evmVersion": "paris",
          "outputSelection": {
            "*": {
              "*": [
                "abi",
                "evm.bytecode",
                "evm.deployedBytecode",
                "evm.methodIdentifiers",
                "metadata"
              ],
              "": [
                "ast"
              ]
            }
          },
          "metadata": {
            "useLiteralContent": false
          }
        }
      },
      "imports": [
        "../utils/Context.sol"
      ],
      "versionPragmas": [
        "^0.8.20"
      ],
      "artifacts": [
        "Pausable"
      ]
    },
    "/Users/amitaisalmon/Documents/TicketChain/node_modules/.pnpm/@openzeppelin+contracts@5.0.0/node_modules/@openzeppelin/contracts/token/ERC721/extensions/ERC721Burnable.sol": {
      "lastModificationDate": 1746387338074,
      "contentHash": "4c81010564fe4bcfa8a3ba8fe66d4773",
      "sourceName": "@openzeppelin/contracts/token/ERC721/extensions/ERC721Burnable.sol",
      "solcConfig": {
        "version": "0.8.20",
        "settings": {
          "viaIR": true,
          "optimizer": {
            "enabled": false,
            "runs": 1,
            "details": {
              "yul": true,
              "yulDetails": {
                "stackAllocation": true,
                "optimizerSteps": "dhfoDgvulfnTUtnIf"
              }
            }
          },
          "debug": {
            "revertStrings": "strip"
          },
          "evmVersion": "paris",
          "outputSelection": {
            "*": {
              "*": [
                "abi",
                "evm.bytecode",
                "evm.deployedBytecode",
                "evm.methodIdentifiers",
                "metadata"
              ],
              "": [
                "ast"
              ]
            }
          },
          "metadata": {
            "useLiteralContent": false
          }
        }
      },
      "imports": [
        "../ERC721.sol",
        "../../../utils/Context.sol"
      ],
      "versionPragmas": [
        "^0.8.20"
      ],
      "artifacts": [
        "ERC721Burnable"
      ]
    },
    "/Users/amitaisalmon/Documents/TicketChain/node_modules/.pnpm/@openzeppelin+contracts@5.0.0/node_modules/@openzeppelin/contracts/token/ERC721/extensions/ERC721Enumerable.sol": {
      "lastModificationDate": 1746387338074,
      "contentHash": "6f49fe93ad40dc0bd4cac0cc124d0415",
      "sourceName": "@openzeppelin/contracts/token/ERC721/extensions/ERC721Enumerable.sol",
      "solcConfig": {
        "version": "0.8.20",
        "settings": {
          "viaIR": true,
          "optimizer": {
            "enabled": true,
            "runs": 200
          },
          "debug": {
            "revertStrings": "strip"
          },
          "evmVersion": "paris",
          "outputSelection": {
            "*": {
              "*": [
                "abi",
                "evm.bytecode",
                "evm.deployedBytecode",
                "evm.methodIdentifiers",
                "metadata"
              ],
              "": [
                "ast"
              ]
            }
          }
        }
      },
      "imports": [
        "../ERC721.sol",
        "./IERC721Enumerable.sol",
        "../../../utils/introspection/ERC165.sol"
      ],
      "versionPragmas": [
        "^0.8.20"
      ],
      "artifacts": [
        "ERC721Enumerable"
      ]
    },
    "/Users/amitaisalmon/Documents/TicketChain/node_modules/.pnpm/@openzeppelin+contracts@5.0.0/node_modules/@openzeppelin/contracts/access/AccessControl.sol": {
      "lastModificationDate": 1746387338069,
      "contentHash": "4c80b7fdf559a9a348e832a57d072a0b",
      "sourceName": "@openzeppelin/contracts/access/AccessControl.sol",
      "solcConfig": {
        "version": "0.8.20",
        "settings": {
          "viaIR": true,
          "optimizer": {
            "enabled": false,
            "runs": 1,
            "details": {
              "yul": true,
              "yulDetails": {
                "stackAllocation": true,
                "optimizerSteps": "dhfoDgvulfnTUtnIf"
              }
            }
          },
          "debug": {
            "revertStrings": "strip"
          },
          "evmVersion": "paris",
          "outputSelection": {
            "*": {
              "*": [
                "abi",
                "evm.bytecode",
                "evm.deployedBytecode",
                "evm.methodIdentifiers",
                "metadata"
              ],
              "": [
                "ast"
              ]
            }
          },
          "metadata": {
            "useLiteralContent": false
          }
        }
      },
      "imports": [
        "./IAccessControl.sol",
        "../utils/Context.sol",
        "../utils/introspection/ERC165.sol"
      ],
      "versionPragmas": [
        "^0.8.20"
      ],
      "artifacts": [
        "AccessControl"
      ]
    },
    "/Users/amitaisalmon/Documents/TicketChain/node_modules/.pnpm/@openzeppelin+contracts@5.0.0/node_modules/@openzeppelin/contracts/utils/Context.sol": {
      "lastModificationDate": 1746387338070,
      "contentHash": "01c847e2af51f468cb66d9ed83bc3cec",
      "sourceName": "@openzeppelin/contracts/utils/Context.sol",
      "solcConfig": {
        "version": "0.8.20",
        "settings": {
          "viaIR": true,
          "optimizer": {
            "enabled": false,
            "runs": 1,
            "details": {
              "yul": true,
              "yulDetails": {
                "stackAllocation": true,
                "optimizerSteps": "dhfoDgvulfnTUtnIf"
              }
            }
          },
          "debug": {
            "revertStrings": "strip"
          },
          "evmVersion": "paris",
          "outputSelection": {
            "*": {
              "*": [
                "abi",
                "evm.bytecode",
                "evm.deployedBytecode",
                "evm.methodIdentifiers",
                "metadata"
              ],
              "": [
                "ast"
              ]
            }
          },
          "metadata": {
            "useLiteralContent": false
          }
        }
      },
      "imports": [],
      "versionPragmas": [
        "^0.8.20"
      ],
      "artifacts": [
        "Context"
      ]
    },
    "/Users/amitaisalmon/Documents/TicketChain/node_modules/.pnpm/@openzeppelin+contracts@5.0.0/node_modules/@openzeppelin/contracts/token/ERC721/ERC721.sol": {
      "lastModificationDate": 1746387338074,
      "contentHash": "1e64e2ad597dc5b2dae11346502baad4",
      "sourceName": "@openzeppelin/contracts/token/ERC721/ERC721.sol",
      "solcConfig": {
        "version": "0.8.20",
        "settings": {
          "viaIR": true,
          "optimizer": {
            "enabled": false,
            "runs": 1,
            "details": {
              "yul": true,
              "yulDetails": {
                "stackAllocation": true,
                "optimizerSteps": "dhfoDgvulfnTUtnIf"
              }
            }
          },
          "debug": {
            "revertStrings": "strip"
          },
          "evmVersion": "paris",
          "outputSelection": {
            "*": {
              "*": [
                "abi",
                "evm.bytecode",
                "evm.deployedBytecode",
                "evm.methodIdentifiers",
                "metadata"
              ],
              "": [
                "ast"
              ]
            }
          },
          "metadata": {
            "useLiteralContent": false
          }
        }
      },
      "imports": [
        "./IERC721.sol",
        "./IERC721Receiver.sol",
        "./extensions/IERC721Metadata.sol",
        "../../utils/Context.sol",
        "../../utils/Strings.sol",
        "../../utils/introspection/ERC165.sol",
        "../../interfaces/draft-IERC6093.sol"
      ],
      "versionPragmas": [
        "^0.8.20"
      ],
      "artifacts": [
        "ERC721"
      ]
    },
    "/Users/amitaisalmon/Documents/TicketChain/node_modules/.pnpm/@openzeppelin+contracts@5.0.0/node_modules/@openzeppelin/contracts/utils/introspection/ERC165.sol": {
      "lastModificationDate": 1746387338072,
      "contentHash": "6a55c353946e471d9792965d06208295",
      "sourceName": "@openzeppelin/contracts/utils/introspection/ERC165.sol",
      "solcConfig": {
        "version": "0.8.20",
        "settings": {
          "viaIR": true,
          "optimizer": {
            "enabled": false,
            "runs": 1,
            "details": {
              "yul": true,
              "yulDetails": {
                "stackAllocation": true,
                "optimizerSteps": "dhfoDgvulfnTUtnIf"
              }
            }
          },
          "debug": {
            "revertStrings": "strip"
          },
          "evmVersion": "paris",
          "outputSelection": {
            "*": {
              "*": [
                "abi",
                "evm.bytecode",
                "evm.deployedBytecode",
                "evm.methodIdentifiers",
                "metadata"
              ],
              "": [
                "ast"
              ]
            }
          },
          "metadata": {
            "useLiteralContent": false
          }
        }
      },
      "imports": [
        "./IERC165.sol"
      ],
      "versionPragmas": [
        "^0.8.20"
      ],
      "artifacts": [
        "ERC165"
      ]
    },
    "/Users/amitaisalmon/Documents/TicketChain/node_modules/.pnpm/@openzeppelin+contracts@5.0.0/node_modules/@openzeppelin/contracts/interfaces/draft-IERC6093.sol": {
      "lastModificationDate": 1746387338071,
      "contentHash": "4aefc698f77ecbace7f401257dfe182d",
      "sourceName": "@openzeppelin/contracts/interfaces/draft-IERC6093.sol",
      "solcConfig": {
        "version": "0.8.20",
        "settings": {
          "viaIR": true,
          "optimizer": {
            "enabled": false,
            "runs": 1,
            "details": {
              "yul": true,
              "yulDetails": {
                "stackAllocation": true,
                "optimizerSteps": "dhfoDgvulfnTUtnIf"
              }
            }
          },
          "debug": {
            "revertStrings": "strip"
          },
          "evmVersion": "paris",
          "outputSelection": {
            "*": {
              "*": [
                "abi",
                "evm.bytecode",
                "evm.deployedBytecode",
                "evm.methodIdentifiers",
                "metadata"
              ],
              "": [
                "ast"
              ]
            }
          },
          "metadata": {
            "useLiteralContent": false
          }
        }
      },
      "imports": [],
      "versionPragmas": [
        "^0.8.20"
      ],
      "artifacts": [
        "IERC1155Errors",
        "IERC20Errors",
        "IERC721Errors"
      ]
    },
    "/Users/amitaisalmon/Documents/TicketChain/node_modules/.pnpm/@openzeppelin+contracts@5.0.0/node_modules/@openzeppelin/contracts/utils/Strings.sol": {
      "lastModificationDate": 1746387338085,
      "contentHash": "ba57ff4ddf1d9cae9d2009792795b7f6",
      "sourceName": "@openzeppelin/contracts/utils/Strings.sol",
      "solcConfig": {
        "version": "0.8.20",
        "settings": {
          "viaIR": true,
          "optimizer": {
            "enabled": false,
            "runs": 1,
            "details": {
              "yul": true,
              "yulDetails": {
                "stackAllocation": true,
                "optimizerSteps": "dhfoDgvulfnTUtnIf"
              }
            }
          },
          "debug": {
            "revertStrings": "strip"
          },
          "evmVersion": "paris",
          "outputSelection": {
            "*": {
              "*": [
                "abi",
                "evm.bytecode",
                "evm.deployedBytecode",
                "evm.methodIdentifiers",
                "metadata"
              ],
              "": [
                "ast"
              ]
            }
          },
          "metadata": {
            "useLiteralContent": false
          }
        }
      },
      "imports": [
        "./math/Math.sol",
        "./math/SignedMath.sol"
      ],
      "versionPragmas": [
        "^0.8.20"
      ],
      "artifacts": [
        "Strings"
      ]
    },
    "/Users/amitaisalmon/Documents/TicketChain/node_modules/.pnpm/@openzeppelin+contracts@5.0.0/node_modules/@openzeppelin/contracts/token/ERC721/IERC721.sol": {
      "lastModificationDate": 1746387338081,
      "contentHash": "5df8fdb527e563085847cad29e3c5f2e",
      "sourceName": "@openzeppelin/contracts/token/ERC721/IERC721.sol",
      "solcConfig": {
        "version": "0.8.20",
        "settings": {
          "viaIR": true,
          "optimizer": {
            "enabled": false,
            "runs": 1,
            "details": {
              "yul": true,
              "yulDetails": {
                "stackAllocation": true,
                "optimizerSteps": "dhfoDgvulfnTUtnIf"
              }
            }
          },
          "debug": {
            "revertStrings": "strip"
          },
          "evmVersion": "paris",
          "outputSelection": {
            "*": {
              "*": [
                "abi",
                "evm.bytecode",
                "evm.deployedBytecode",
                "evm.methodIdentifiers",
                "metadata"
              ],
              "": [
                "ast"
              ]
            }
          },
          "metadata": {
            "useLiteralContent": false
          }
        }
      },
      "imports": [
        "../../utils/introspection/IERC165.sol"
      ],
      "versionPragmas": [
        "^0.8.20"
      ],
      "artifacts": [
        "IERC721"
      ]
    },
    "/Users/amitaisalmon/Documents/TicketChain/node_modules/.pnpm/@openzeppelin+contracts@5.0.0/node_modules/@openzeppelin/contracts/token/ERC721/IERC721Receiver.sol": {
      "lastModificationDate": 1746387338082,
      "contentHash": "fc8a9841f4bdd6329c26a00d5e75f4b3",
      "sourceName": "@openzeppelin/contracts/token/ERC721/IERC721Receiver.sol",
      "solcConfig": {
        "version": "0.8.20",
        "settings": {
          "viaIR": true,
          "optimizer": {
            "enabled": false,
            "runs": 1,
            "details": {
              "yul": true,
              "yulDetails": {
                "stackAllocation": true,
                "optimizerSteps": "dhfoDgvulfnTUtnIf"
              }
            }
          },
          "debug": {
            "revertStrings": "strip"
          },
          "evmVersion": "paris",
          "outputSelection": {
            "*": {
              "*": [
                "abi",
                "evm.bytecode",
                "evm.deployedBytecode",
                "evm.methodIdentifiers",
                "metadata"
              ],
              "": [
                "ast"
              ]
            }
          },
          "metadata": {
            "useLiteralContent": false
          }
        }
      },
      "imports": [],
      "versionPragmas": [
        "^0.8.20"
      ],
      "artifacts": [
        "IERC721Receiver"
      ]
    },
    "/Users/amitaisalmon/Documents/TicketChain/node_modules/.pnpm/@openzeppelin+contracts@5.0.0/node_modules/@openzeppelin/contracts/token/ERC721/extensions/IERC721Metadata.sol": {
      "lastModificationDate": 1746387338081,
      "contentHash": "12c206f185cb951213799561fdcaa40d",
      "sourceName": "@openzeppelin/contracts/token/ERC721/extensions/IERC721Metadata.sol",
      "solcConfig": {
        "version": "0.8.20",
        "settings": {
          "viaIR": true,
          "optimizer": {
            "enabled": false,
            "runs": 1,
            "details": {
              "yul": true,
              "yulDetails": {
                "stackAllocation": true,
                "optimizerSteps": "dhfoDgvulfnTUtnIf"
              }
            }
          },
          "debug": {
            "revertStrings": "strip"
          },
          "evmVersion": "paris",
          "outputSelection": {
            "*": {
              "*": [
                "abi",
                "evm.bytecode",
                "evm.deployedBytecode",
                "evm.methodIdentifiers",
                "metadata"
              ],
              "": [
                "ast"
              ]
            }
          },
          "metadata": {
            "useLiteralContent": false
          }
        }
      },
      "imports": [
        "../IERC721.sol"
      ],
      "versionPragmas": [
        "^0.8.20"
      ],
      "artifacts": [
        "IERC721Metadata"
      ]
    },
    "/Users/amitaisalmon/Documents/TicketChain/node_modules/.pnpm/@openzeppelin+contracts@5.0.0/node_modules/@openzeppelin/contracts/utils/introspection/IERC165.sol": {
      "lastModificationDate": 1746387338078,
      "contentHash": "de0163561b417b800d01749cbbe2147e",
      "sourceName": "@openzeppelin/contracts/utils/introspection/IERC165.sol",
      "solcConfig": {
        "version": "0.8.20",
        "settings": {
          "viaIR": true,
          "optimizer": {
            "enabled": false,
            "runs": 1,
            "details": {
              "yul": true,
              "yulDetails": {
                "stackAllocation": true,
                "optimizerSteps": "dhfoDgvulfnTUtnIf"
              }
            }
          },
          "debug": {
            "revertStrings": "strip"
          },
          "evmVersion": "paris",
          "outputSelection": {
            "*": {
              "*": [
                "abi",
                "evm.bytecode",
                "evm.deployedBytecode",
                "evm.methodIdentifiers",
                "metadata"
              ],
              "": [
                "ast"
              ]
            }
          },
          "metadata": {
            "useLiteralContent": false
          }
        }
      },
      "imports": [],
      "versionPragmas": [
        "^0.8.20"
      ],
      "artifacts": [
        "IERC165"
      ]
    },
    "/Users/amitaisalmon/Documents/TicketChain/node_modules/.pnpm/@openzeppelin+contracts@5.0.0/node_modules/@openzeppelin/contracts/utils/math/SignedMath.sol": {
      "lastModificationDate": 1746387338085,
      "contentHash": "b6c6bdc7aaca4fe5b680760a72e09d3e",
      "sourceName": "@openzeppelin/contracts/utils/math/SignedMath.sol",
      "solcConfig": {
        "version": "0.8.20",
        "settings": {
          "viaIR": true,
          "optimizer": {
            "enabled": false,
            "runs": 1,
            "details": {
              "yul": true,
              "yulDetails": {
                "stackAllocation": true,
                "optimizerSteps": "dhfoDgvulfnTUtnIf"
              }
            }
          },
          "debug": {
            "revertStrings": "strip"
          },
          "evmVersion": "paris",
          "outputSelection": {
            "*": {
              "*": [
                "abi",
                "evm.bytecode",
                "evm.deployedBytecode",
                "evm.methodIdentifiers",
                "metadata"
              ],
              "": [
                "ast"
              ]
            }
          },
          "metadata": {
            "useLiteralContent": false
          }
        }
      },
      "imports": [],
      "versionPragmas": [
        "^0.8.20"
      ],
      "artifacts": [
        "SignedMath"
      ]
    },
    "/Users/amitaisalmon/Documents/TicketChain/node_modules/.pnpm/@openzeppelin+contracts@5.0.0/node_modules/@openzeppelin/contracts/utils/math/Math.sol": {
      "lastModificationDate": 1746387338082,
      "contentHash": "718fa8ba0ff269c92e364c1429d9de57",
      "sourceName": "@openzeppelin/contracts/utils/math/Math.sol",
      "solcConfig": {
        "version": "0.8.20",
        "settings": {
          "viaIR": true,
          "optimizer": {
            "enabled": false,
            "runs": 1,
            "details": {
              "yul": true,
              "yulDetails": {
                "stackAllocation": true,
                "optimizerSteps": "dhfoDgvulfnTUtnIf"
              }
            }
          },
          "debug": {
            "revertStrings": "strip"
          },
          "evmVersion": "paris",
          "outputSelection": {
            "*": {
              "*": [
                "abi",
                "evm.bytecode",
                "evm.deployedBytecode",
                "evm.methodIdentifiers",
                "metadata"
              ],
              "": [
                "ast"
              ]
            }
          },
          "metadata": {
            "useLiteralContent": false
          }
        }
      },
      "imports": [],
      "versionPragmas": [
        "^0.8.20"
      ],
      "artifacts": [
        "Math"
      ]
    },
    "/Users/amitaisalmon/Documents/TicketChain/node_modules/.pnpm/@openzeppelin+contracts@5.0.0/node_modules/@openzeppelin/contracts/token/ERC721/extensions/IERC721Enumerable.sol": {
      "lastModificationDate": 1746387338081,
      "contentHash": "3fdc14aab706458ae99314f6f7f529a2",
      "sourceName": "@openzeppelin/contracts/token/ERC721/extensions/IERC721Enumerable.sol",
      "solcConfig": {
        "version": "0.8.20",
        "settings": {
          "viaIR": true,
          "optimizer": {
            "enabled": true,
            "runs": 200
          },
          "debug": {
            "revertStrings": "strip"
          },
          "evmVersion": "paris",
          "outputSelection": {
            "*": {
              "*": [
                "abi",
                "evm.bytecode",
                "evm.deployedBytecode",
                "evm.methodIdentifiers",
                "metadata"
              ],
              "": [
                "ast"
              ]
            }
          }
        }
      },
      "imports": [
        "../IERC721.sol"
      ],
      "versionPragmas": [
        "^0.8.20"
      ],
      "artifacts": [
        "IERC721Enumerable"
      ]
    },
    "/Users/amitaisalmon/Documents/TicketChain/node_modules/.pnpm/@openzeppelin+contracts@5.0.0/node_modules/@openzeppelin/contracts/access/IAccessControl.sol": {
      "lastModificationDate": 1746387338076,
      "contentHash": "e3a14b0714caaaa82d58fa0bc3756079",
      "sourceName": "@openzeppelin/contracts/access/IAccessControl.sol",
      "solcConfig": {
        "version": "0.8.20",
        "settings": {
          "viaIR": true,
          "optimizer": {
            "enabled": false,
            "runs": 1,
            "details": {
              "yul": true,
              "yulDetails": {
                "stackAllocation": true,
                "optimizerSteps": "dhfoDgvulfnTUtnIf"
              }
            }
          },
          "debug": {
            "revertStrings": "strip"
          },
          "evmVersion": "paris",
          "outputSelection": {
            "*": {
              "*": [
                "abi",
                "evm.bytecode",
                "evm.deployedBytecode",
                "evm.methodIdentifiers",
                "metadata"
              ],
              "": [
                "ast"
              ]
            }
          },
          "metadata": {
            "useLiteralContent": false
          }
        }
      },
      "imports": [],
      "versionPragmas": [
        "^0.8.20"
      ],
      "artifacts": [
        "IAccessControl"
      ]
    },
    "/Users/amitaisalmon/Documents/TicketChain/contracts/mocks/ReentrancyAttack.sol": {
      "lastModificationDate": 1746689912799,
      "contentHash": "4ee8b6dafabc4205f90c6f8ff6a5d9af",
      "sourceName": "contracts/mocks/ReentrancyAttack.sol",
      "solcConfig": {
        "version": "0.8.20",
        "settings": {
          "viaIR": true,
          "optimizer": {
            "enabled": false,
            "runs": 1,
            "details": {
              "yul": true,
              "yulDetails": {
                "stackAllocation": true,
                "optimizerSteps": "dhfoDgvulfnTUtnIf"
              }
            }
          },
          "debug": {
            "revertStrings": "strip"
          },
          "evmVersion": "paris",
          "outputSelection": {
            "*": {
              "*": [
                "abi",
                "evm.bytecode",
                "evm.deployedBytecode",
                "evm.methodIdentifiers",
                "metadata"
              ],
              "": [
                "ast"
              ]
            }
          },
          "metadata": {
            "useLiteralContent": false
          }
        }
      },
      "imports": [
        "../TicketNFT.sol"
      ],
      "versionPragmas": [
        "^0.8.20"
      ],
      "artifacts": [
        "ReentrancyAttack"
      ]
    },
    "/Users/amitaisalmon/Documents/TicketChain/contracts/libs/TicketValidation.sol": {
      "lastModificationDate": 1746691149564,
      "contentHash": "393f750bdb282f8c6825d8bfe19be4f3",
      "sourceName": "contracts/libs/TicketValidation.sol",
      "solcConfig": {
        "version": "0.8.20",
        "settings": {
          "viaIR": true,
          "optimizer": {
            "enabled": false,
            "runs": 1,
            "details": {
              "yul": true,
              "yulDetails": {
                "stackAllocation": true,
                "optimizerSteps": "dhfoDgvulfnTUtnIf"
              }
            }
          },
          "debug": {
            "revertStrings": "strip"
          },
          "evmVersion": "paris",
          "outputSelection": {
            "*": {
              "*": [
                "abi",
                "evm.bytecode",
                "evm.deployedBytecode",
                "evm.methodIdentifiers",
                "metadata"
              ],
              "": [
                "ast"
              ]
            }
          },
          "metadata": {
            "useLiteralContent": false
          }
        }
      },
      "imports": [],
      "versionPragmas": [
        "^0.8.20"
      ],
      "artifacts": [
        "TicketValidation"
      ]
    }
  }
}
